LAST,HOF
0.14029432194279332,0.16151928020558387
