LAST,HOF
0.13002354315209627,0.17554580036120812
