LAST,HOF
0.1194003066149382,0.13645413008575427
