LAST,HOF
0.1174861072036096,0.13935871039032707
