LAST,HOF
0.10350189607486712,0.11720104362734554
