LAST,HOF
0.12628626476347046,0.13734053645342406
