LAST,HOF
0.139038993501838,0.1909169190467161
