LAST,HOF
0.11961280170315419,0.13543004723191435
