LAST,HOF
0.10687796783993131,0.11425144042022031
