LAST,HOF
0.12116254765801485,0.16315377913751325
