LAST,HOF
0.21679104087652945,0.21679104087652945
