LAST,HOF
0.20199478105122481,0.20199478105122481
