LAST,HOF
0.2246556292595339,0.2246556292595339
