LAST,HOF
0.1577513720083499,0.1725540914725007
