LAST,HOF
0.17988401611126323,0.19008108054302164
