LAST,HOF
0.10873757896304995,0.11226577854591158
