LAST,HOF
0.12754094038614602,0.13183281498163005
