LAST,HOF
0.10432655753731385,0.1169978112706679
