LAST,HOF
0.14011383738849112,0.18483258165478084
