LAST,HOF
0.1739665636321123,0.17720145029374693
