LAST,HOF
0.21126512500979092,0.21126512500979092
