LAST,HOF
0.13498874322196996,0.14021836952905797
