LAST,HOF
0.1672037363653578,0.18620768125257306
