LAST,HOF
0.09356827769684374,0.1187271487517089
