LAST,HOF
0.10355404800533563,0.13854566895211856
