LAST,HOF
0.12636621137043735,0.16683679458091843
