LAST,HOF
0.1038995341436837,0.13981638370167088
