LAST,HOF
0.13420230108447176,0.1758802134818152
