LAST,HOF
0.11481504730303513,0.12788649434390212
