LAST,HOF
0.14904022460724434,0.16006649207228482
